{
  "model": "repvit_m0_9_lr",
  "checkpoint": "checkpoints/cifar100_suite/repvit_m0_9_lr/2026_03_24_00_21_45/checkpoint_best.pth",
  "device": "cuda",
  "input_size": 32,
  "num_classes": 100,
  "params_m": 4.757828,
  "flops_g": null,
  "latency_batch_size": 1,
  "latency_mean_ms": 5.4966385753505165,
  "latency_median_ms": 5.490982992341742,
  "latency_p90_ms": 5.541015008930117,
  "throughput_batch_size": 256,
  "throughput_images_per_s": 37648.29407532002
}
